-- phpMyAdmin SQL Dump
-- version 5.1.1
-- https://www.phpmyadmin.net/
--
-- Servidor: 127.0.0.1
-- Tiempo de generación: 04-12-2021 a las 05:52:16
-- Versión del servidor: 10.4.21-MariaDB
-- Versión de PHP: 8.0.12

SET SQL_MODE = "NO_AUTO_VALUE_ON_ZERO";
START TRANSACTION;
SET time_zone = "+00:00";


/*!40101 SET @OLD_CHARACTER_SET_CLIENT=@@CHARACTER_SET_CLIENT */;
/*!40101 SET @OLD_CHARACTER_SET_RESULTS=@@CHARACTER_SET_RESULTS */;
/*!40101 SET @OLD_COLLATION_CONNECTION=@@COLLATION_CONNECTION */;
/*!40101 SET NAMES utf8mb4 */;

--
-- Base de datos: `sistema-franciscoperez`
--

DELIMITER $$
--
-- Procedimientos
--
CREATE DEFINER=`root`@`localhost` PROCEDURE `actualizar_precio_producto` (IN `n_cantidad` INT, IN `n_precio` DECIMAL(10,2), IN `codigo` INT)  BEGIN
DECLARE nueva_existencia int;
DECLARE nuevo_total decimal(10,2);
DECLARE nuevo_precio decimal(10,2);

DECLARE cant_actual int;
DECLARE pre_actual decimal(10,2);

DECLARE actual_existencia int;
DECLARE actual_precio decimal(10,2);

SELECT precio, existencia INTO actual_precio, actual_existencia FROM producto WHERE codproducto = codigo;

SET nueva_existencia = actual_existencia + n_cantidad;
SET nuevo_total = n_precio;
SET nuevo_precio = nuevo_total;

UPDATE producto SET existencia = nueva_existencia, precio = nuevo_precio WHERE codproducto = codigo;

SELECT nueva_existencia, nuevo_precio;
END$$

CREATE DEFINER=`root`@`localhost` PROCEDURE `data` ()  BEGIN
DECLARE usuarios int;
DECLARE clientes int;
DECLARE proveedores int;
DECLARE productos int;
SELECT COUNT(*) INTO usuarios FROM usuario;
SELECT COUNT(*) INTO clientes FROM cliente;
SELECT COUNT(*) INTO proveedores FROM proveedor;
SELECT COUNT(*) INTO productos FROM producto;

SELECT usuarios, clientes, proveedores, productos;

END$$

DELIMITER ;

-- --------------------------------------------------------

--
-- Estructura de tabla para la tabla `cliente`
--

CREATE TABLE `cliente` (
  `idcliente` int(11) NOT NULL,
  `dni` int(8) NOT NULL,
  `nombre` varchar(100) COLLATE utf8_spanish_ci NOT NULL,
  `telefono` int(15) NOT NULL,
  `direccion` varchar(200) COLLATE utf8_spanish_ci NOT NULL,
  `usuario_id` int(11) NOT NULL
) ENGINE=InnoDB DEFAULT CHARSET=utf8 COLLATE=utf8_spanish_ci;

--
-- Volcado de datos para la tabla `cliente`
--

INSERT INTO `cliente` (`idcliente`, `dni`, `nombre`, `telefono`, `direccion`, `usuario_id`) VALUES
(1, 123545, 'Libia Lopez', 2147483647, 'Trinidad de las huertas', 1),
(2, 123546, 'Roberto Pantoja', 2147483647, 'Atzompa', 2);

-- --------------------------------------------------------

--
-- Estructura de tabla para la tabla `producto`
--

CREATE TABLE `producto` (
  `codproducto` int(11) NOT NULL,
  `descripcion` varchar(200) COLLATE utf8_spanish_ci NOT NULL,
  `proveedor` int(11) NOT NULL,
  `precio` decimal(10,2) NOT NULL,
  `existencia` int(11) NOT NULL,
  `usuario_id` int(11) NOT NULL
) ENGINE=InnoDB DEFAULT CHARSET=utf8 COLLATE=utf8_spanish_ci;

--
-- Volcado de datos para la tabla `producto`
--

INSERT INTO `producto` (`codproducto`, `descripcion`, `proveedor`, `precio`, `existencia`, `usuario_id`) VALUES
(1, 'Laptop lenovo', 1, '1560.00', 49, 2),
(2, 'Teclado', 1, '2500.00', 79, 1),
(6, 'Impresora', 1, '800.00', 10, 1),
(7, 'Mouse', 3, '1500.00', 5, 1),
(8, 'USB', 3, '100.00', 50, 10);

-- --------------------------------------------------------

--
-- Estructura de tabla para la tabla `proveedor`
--

CREATE TABLE `proveedor` (
  `codproveedor` int(11) NOT NULL,
  `proveedor` varchar(100) COLLATE utf8_spanish_ci NOT NULL,
  `contacto` varchar(100) COLLATE utf8_spanish_ci NOT NULL,
  `telefono` int(11) NOT NULL,
  `direccion` varchar(100) COLLATE utf8_spanish_ci NOT NULL,
  `usuario_id` int(11) NOT NULL
) ENGINE=InnoDB DEFAULT CHARSET=utf8 COLLATE=utf8_spanish_ci;

--
-- Volcado de datos para la tabla `proveedor`
--

INSERT INTO `proveedor` (`codproveedor`, `proveedor`, `contacto`, `telefono`, `direccion`, `usuario_id`) VALUES
(1, 'Benedicto Ramirez', '965432143', 9645132, 'Xoxocotlan', 2),
(3, 'Luis Pacheco', '25804', 9865412, 'Abasolo', 2);

-- --------------------------------------------------------

--
-- Estructura de tabla para la tabla `rol`
--

CREATE TABLE `rol` (
  `idrol` int(11) NOT NULL,
  `rol` varchar(50) COLLATE utf8_spanish_ci NOT NULL
) ENGINE=InnoDB DEFAULT CHARSET=utf8 COLLATE=utf8_spanish_ci;

--
-- Volcado de datos para la tabla `rol`
--

INSERT INTO `rol` (`idrol`, `rol`) VALUES
(1, 'Administrador'),
(2, 'Vendedor');

-- --------------------------------------------------------

--
-- Estructura de tabla para la tabla `usuario`
--

CREATE TABLE `usuario` (
  `idusuario` int(11) NOT NULL,
  `nombre` varchar(100) COLLATE utf8_spanish_ci NOT NULL,
  `correo` varchar(100) COLLATE utf8_spanish_ci NOT NULL,
  `usuario` varchar(20) COLLATE utf8_spanish_ci NOT NULL,
  `clave` varchar(50) COLLATE utf8_spanish_ci NOT NULL,
  `rol` int(11) NOT NULL
) ENGINE=InnoDB DEFAULT CHARSET=utf8 COLLATE=utf8_spanish_ci;

--
-- Volcado de datos para la tabla `usuario`
--

INSERT INTO `usuario` (`idusuario`, `nombre`, `correo`, `usuario`, `clave`, `rol`) VALUES
(1, 'Ventas Francisco', 'Ventasinformaticas@gmail.com', 'admin', '21232f297a57a5a743894a0e4a801fc3', 1),
(9, 'Francisco Perez', 'franc2021@gmail.com', 'franc', '827ccb0eea8a706c4c34a16891f84e7b', 1),
(10, 'Ariadna Ramirez', 'Arii420@gmail.com', 'ariadna', '827ccb0eea8a706c4c34a16891f84e7b', 2);

--
-- Índices para tablas volcadas
--

--
-- Indices de la tabla `cliente`
--
ALTER TABLE `cliente`
  ADD PRIMARY KEY (`idcliente`);

--
-- Indices de la tabla `producto`
--
ALTER TABLE `producto`
  ADD PRIMARY KEY (`codproducto`);

--
-- Indices de la tabla `proveedor`
--
ALTER TABLE `proveedor`
  ADD PRIMARY KEY (`codproveedor`);

--
-- Indices de la tabla `rol`
--
ALTER TABLE `rol`
  ADD PRIMARY KEY (`idrol`);

--
-- Indices de la tabla `usuario`
--
ALTER TABLE `usuario`
  ADD PRIMARY KEY (`idusuario`);

--
-- AUTO_INCREMENT de las tablas volcadas
--

--
-- AUTO_INCREMENT de la tabla `cliente`
--
ALTER TABLE `cliente`
  MODIFY `idcliente` int(11) NOT NULL AUTO_INCREMENT, AUTO_INCREMENT=3;

--
-- AUTO_INCREMENT de la tabla `producto`
--
ALTER TABLE `producto`
  MODIFY `codproducto` int(11) NOT NULL AUTO_INCREMENT, AUTO_INCREMENT=9;

--
-- AUTO_INCREMENT de la tabla `proveedor`
--
ALTER TABLE `proveedor`
  MODIFY `codproveedor` int(11) NOT NULL AUTO_INCREMENT, AUTO_INCREMENT=7;

--
-- AUTO_INCREMENT de la tabla `rol`
--
ALTER TABLE `rol`
  MODIFY `idrol` int(11) NOT NULL AUTO_INCREMENT, AUTO_INCREMENT=4;

--
-- AUTO_INCREMENT de la tabla `usuario`
--
ALTER TABLE `usuario`
  MODIFY `idusuario` int(11) NOT NULL AUTO_INCREMENT, AUTO_INCREMENT=11;
COMMIT;

/*!40101 SET CHARACTER_SET_CLIENT=@OLD_CHARACTER_SET_CLIENT */;
/*!40101 SET CHARACTER_SET_RESULTS=@OLD_CHARACTER_SET_RESULTS */;
/*!40101 SET COLLATION_CONNECTION=@OLD_COLLATION_CONNECTION */;
